date_key,date,year,month,month_name,quarter,year_month
20070601,2007-06-01,2007,6,June,Q2,2007-06
20070701,2007-07-01,2007,7,July,Q3,2007-07
20070801,2007-08-01,2007,8,August,Q3,2007-08
20070901,2007-09-01,2007,9,September,Q3,2007-09
20071001,2007-10-01,2007,10,October,Q4,2007-10
20071101,2007-11-01,2007,11,November,Q4,2007-11
20071201,2007-12-01,2007,12,December,Q4,2007-12
20080101,2008-01-01,2008,1,January,Q1,2008-01
20080201,2008-02-01,2008,2,February,Q1,2008-02
20080301,2008-03-01,2008,3,March,Q1,2008-03
20080401,2008-04-01,2008,4,April,Q2,2008-04
20080501,2008-05-01,2008,5,May,Q2,2008-05
20080601,2008-06-01,2008,6,June,Q2,2008-06
20080701,2008-07-01,2008,7,July,Q3,2008-07
20080801,2008-08-01,2008,8,August,Q3,2008-08
20080901,2008-09-01,2008,9,September,Q3,2008-09
20081001,2008-10-01,2008,10,October,Q4,2008-10
20081101,2008-11-01,2008,11,November,Q4,2008-11
20081201,2008-12-01,2008,12,December,Q4,2008-12
20090101,2009-01-01,2009,1,January,Q1,2009-01
20090201,2009-02-01,2009,2,February,Q1,2009-02
20090301,2009-03-01,2009,3,March,Q1,2009-03
20090401,2009-04-01,2009,4,April,Q2,2009-04
20090501,2009-05-01,2009,5,May,Q2,2009-05
20090601,2009-06-01,2009,6,June,Q2,2009-06
20090701,2009-07-01,2009,7,July,Q3,2009-07
20090801,2009-08-01,2009,8,August,Q3,2009-08
20090901,2009-09-01,2009,9,September,Q3,2009-09
20091001,2009-10-01,2009,10,October,Q4,2009-10
20091101,2009-11-01,2009,11,November,Q4,2009-11
20091201,2009-12-01,2009,12,December,Q4,2009-12
20100101,2010-01-01,2010,1,January,Q1,2010-01
20100201,2010-02-01,2010,2,February,Q1,2010-02
20100301,2010-03-01,2010,3,March,Q1,2010-03
20100401,2010-04-01,2010,4,April,Q2,2010-04
20100501,2010-05-01,2010,5,May,Q2,2010-05
20100601,2010-06-01,2010,6,June,Q2,2010-06
20100701,2010-07-01,2010,7,July,Q3,2010-07
20100801,2010-08-01,2010,8,August,Q3,2010-08
20100901,2010-09-01,2010,9,September,Q3,2010-09
20101001,2010-10-01,2010,10,October,Q4,2010-10
20101101,2010-11-01,2010,11,November,Q4,2010-11
20101201,2010-12-01,2010,12,December,Q4,2010-12
20110101,2011-01-01,2011,1,January,Q1,2011-01
20110201,2011-02-01,2011,2,February,Q1,2011-02
20110301,2011-03-01,2011,3,March,Q1,2011-03
20110401,2011-04-01,2011,4,April,Q2,2011-04
20110501,2011-05-01,2011,5,May,Q2,2011-05
20110601,2011-06-01,2011,6,June,Q2,2011-06
20110701,2011-07-01,2011,7,July,Q3,2011-07
20110801,2011-08-01,2011,8,August,Q3,2011-08
20110901,2011-09-01,2011,9,September,Q3,2011-09
20111001,2011-10-01,2011,10,October,Q4,2011-10
20111101,2011-11-01,2011,11,November,Q4,2011-11
20111201,2011-12-01,2011,12,December,Q4,2011-12
20120101,2012-01-01,2012,1,January,Q1,2012-01
20120201,2012-02-01,2012,2,February,Q1,2012-02
20120301,2012-03-01,2012,3,March,Q1,2012-03
20120401,2012-04-01,2012,4,April,Q2,2012-04
20120501,2012-05-01,2012,5,May,Q2,2012-05
20120601,2012-06-01,2012,6,June,Q2,2012-06
20120701,2012-07-01,2012,7,July,Q3,2012-07
20120801,2012-08-01,2012,8,August,Q3,2012-08
20120901,2012-09-01,2012,9,September,Q3,2012-09
20121001,2012-10-01,2012,10,October,Q4,2012-10
20121101,2012-11-01,2012,11,November,Q4,2012-11
20121201,2012-12-01,2012,12,December,Q4,2012-12
20130101,2013-01-01,2013,1,January,Q1,2013-01
20130201,2013-02-01,2013,2,February,Q1,2013-02
20130301,2013-03-01,2013,3,March,Q1,2013-03
20130401,2013-04-01,2013,4,April,Q2,2013-04
20130501,2013-05-01,2013,5,May,Q2,2013-05
20130601,2013-06-01,2013,6,June,Q2,2013-06
20130701,2013-07-01,2013,7,July,Q3,2013-07
20130801,2013-08-01,2013,8,August,Q3,2013-08
20130901,2013-09-01,2013,9,September,Q3,2013-09
20131001,2013-10-01,2013,10,October,Q4,2013-10
20131101,2013-11-01,2013,11,November,Q4,2013-11
20131201,2013-12-01,2013,12,December,Q4,2013-12
20140101,2014-01-01,2014,1,January,Q1,2014-01
20140201,2014-02-01,2014,2,February,Q1,2014-02
20140301,2014-03-01,2014,3,March,Q1,2014-03
20140401,2014-04-01,2014,4,April,Q2,2014-04
20140501,2014-05-01,2014,5,May,Q2,2014-05
20140601,2014-06-01,2014,6,June,Q2,2014-06
20140701,2014-07-01,2014,7,July,Q3,2014-07
20140801,2014-08-01,2014,8,August,Q3,2014-08
20140901,2014-09-01,2014,9,September,Q3,2014-09
20141001,2014-10-01,2014,10,October,Q4,2014-10
20141101,2014-11-01,2014,11,November,Q4,2014-11
20141201,2014-12-01,2014,12,December,Q4,2014-12
20150101,2015-01-01,2015,1,January,Q1,2015-01
20150201,2015-02-01,2015,2,February,Q1,2015-02
20150301,2015-03-01,2015,3,March,Q1,2015-03
20150401,2015-04-01,2015,4,April,Q2,2015-04
20150501,2015-05-01,2015,5,May,Q2,2015-05
20150601,2015-06-01,2015,6,June,Q2,2015-06
20150701,2015-07-01,2015,7,July,Q3,2015-07
20150801,2015-08-01,2015,8,August,Q3,2015-08
20150901,2015-09-01,2015,9,September,Q3,2015-09
20151001,2015-10-01,2015,10,October,Q4,2015-10
20151101,2015-11-01,2015,11,November,Q4,2015-11
20151201,2015-12-01,2015,12,December,Q4,2015-12
20160101,2016-01-01,2016,1,January,Q1,2016-01
20160201,2016-02-01,2016,2,February,Q1,2016-02
20160301,2016-03-01,2016,3,March,Q1,2016-03
20160401,2016-04-01,2016,4,April,Q2,2016-04
20160501,2016-05-01,2016,5,May,Q2,2016-05
20160601,2016-06-01,2016,6,June,Q2,2016-06
20160701,2016-07-01,2016,7,July,Q3,2016-07
20160801,2016-08-01,2016,8,August,Q3,2016-08
20160901,2016-09-01,2016,9,September,Q3,2016-09
20161001,2016-10-01,2016,10,October,Q4,2016-10
20161101,2016-11-01,2016,11,November,Q4,2016-11
20161201,2016-12-01,2016,12,December,Q4,2016-12
20170101,2017-01-01,2017,1,January,Q1,2017-01
20170201,2017-02-01,2017,2,February,Q1,2017-02
20170301,2017-03-01,2017,3,March,Q1,2017-03
20170401,2017-04-01,2017,4,April,Q2,2017-04
20170501,2017-05-01,2017,5,May,Q2,2017-05
20170601,2017-06-01,2017,6,June,Q2,2017-06
20170701,2017-07-01,2017,7,July,Q3,2017-07
20170801,2017-08-01,2017,8,August,Q3,2017-08
20170901,2017-09-01,2017,9,September,Q3,2017-09
20171001,2017-10-01,2017,10,October,Q4,2017-10
20171101,2017-11-01,2017,11,November,Q4,2017-11
20171201,2017-12-01,2017,12,December,Q4,2017-12
20180101,2018-01-01,2018,1,January,Q1,2018-01
20180201,2018-02-01,2018,2,February,Q1,2018-02
20180301,2018-03-01,2018,3,March,Q1,2018-03
20180401,2018-04-01,2018,4,April,Q2,2018-04
20180501,2018-05-01,2018,5,May,Q2,2018-05
20180601,2018-06-01,2018,6,June,Q2,2018-06
20180701,2018-07-01,2018,7,July,Q3,2018-07
20180801,2018-08-01,2018,8,August,Q3,2018-08
20180901,2018-09-01,2018,9,September,Q3,2018-09
20181001,2018-10-01,2018,10,October,Q4,2018-10
20181101,2018-11-01,2018,11,November,Q4,2018-11
20181201,2018-12-01,2018,12,December,Q4,2018-12
