segment_id,risk_segment,fico_band,dti_band,income_band
1,Other,740-799,<=10,
2,Other,670-739,10-20,<30K
3,Other,670-739,<=10,<30K
4,Other,670-739,<=10,30K-60K
5,Higher Risk,580-669,10-20,<30K
6,Other,740-799,<=10,150K+
7,Other,740-799,10-20,60K-100K
8,Other,740-799,<=10,60K-100K
9,Other,740-799,<=10,30K-60K
10,Other,670-739,<=10,150K+
11,Other,670-739,<=10,100K-150K
12,Other,740-799,10-20,30K-60K
13,Higher Risk,580-669,<=10,30K-60K
14,Lower Risk,800+,<=10,150K+
15,Lower Risk,740-799,<=10,60K-100K
16,Other,800+,<=10,100K-150K
17,Other,670-739,<=10,60K-100K
18,Higher Risk,580-669,<=10,<30K
19,Other,800+,<=10,
20,Higher Risk,580-669,10-20,30K-60K
21,Other,670-739,10-20,60K-100K
22,Higher Risk,580-669,20-30,60K-100K
23,Higher Risk,580-669,<=10,60K-100K
24,Higher Risk,580-669,10-20,60K-100K
25,Other,670-739,10-20,30K-60K
26,Lower Risk,670-739,<=10,<30K
27,Lower Risk,740-799,10-20,100K-150K
28,Lower Risk,740-799,<=10,100K-150K
29,Lower Risk,740-799,<=10,30K-60K
30,Lower Risk,740-799,10-20,30K-60K
31,Lower Risk,670-739,<=10,150K+
32,Lower Risk,670-739,10-20,<30K
33,Lower Risk,670-739,<=10,60K-100K
34,Lower Risk,740-799,<=10,<30K
35,Lower Risk,670-739,<=10,30K-60K
36,Lower Risk,670-739,10-20,150K+
37,Lower Risk,740-799,<=10,150K+
38,Lower Risk,740-799,10-20,60K-100K
39,Lower Risk,740-799,10-20,<30K
40,Lower Risk,670-739,10-20,60K-100K
41,High Risk,670-739,10-20,<30K
42,Higher Risk,580-669,20-30,30K-60K
43,Lower Risk,670-739,<=10,100K-150K
44,High Risk,670-739,10-20,100K-150K
45,High Risk,670-739,10-20,30K-60K
46,Lower Risk,670-739,10-20,30K-60K
47,Lower Risk,800+,<=10,60K-100K
48,High Risk,670-739,<=10,150K+
49,High Risk,740-799,10-20,60K-100K
50,Higher Risk,580-669,<=10,150K+
51,Higher Risk,580-669,10-20,100K-150K
52,Other,800+,<=10,150K+
53,Other,740-799,<=10,<30K
54,Other,740-799,<=10,100K-150K
55,Other,670-739,20-30,60K-100K
56,Higher Risk,580-669,20-30,<30K
57,High Risk,670-739,<=10,60K-100K
58,High Risk,670-739,10-20,60K-100K
59,Lower Risk,670-739,10-20,100K-150K
60,High Risk,670-739,<=10,30K-60K
61,High Risk,580-669,<=10,30K-60K
62,Other,670-739,10-20,150K+
63,Lower Risk,740-799,20-30,30K-60K
64,Other,670-739,20-30,150K+
65,Higher Risk,670-739,20-30,60K-100K
66,Higher Risk,580-669,20-30,100K-150K
67,Other,670-739,20-30,30K-60K
68,Lower Risk,670-739,20-30,30K-60K
69,Lower Risk,740-799,20-30,<30K
70,Lower Risk,670-739,20-30,<30K
71,Lower Risk,800+,<=10,100K-150K
72,High Risk,580-669,<=10,<30K
73,High Risk,580-669,10-20,<30K
74,Other,670-739,10-20,100K-150K
75,Higher Risk,670-739,20-30,100K-150K
76,High Risk,740-799,<=10,150K+
77,High Risk,670-739,20-30,60K-100K
78,Lower Risk,800+,<=10,30K-60K
79,High Risk,740-799,20-30,100K-150K
80,Higher Risk,580-669,20-30,150K+
81,High Risk,670-739,20-30,<30K
82,High Risk,740-799,<=10,60K-100K
83,High Risk,670-739,<=10,100K-150K
84,High Risk,740-799,<=10,<30K
85,Lower Risk,670-739,20-30,100K-150K
86,Higher Risk,580-669,<=10,100K-150K
87,Higher Risk,670-739,20-30,30K-60K
88,Higher Risk,580-669,10-20,150K+
89,Higher Risk,740-799,20-30,150K+
90,Higher Risk,740-799,20-30,<30K
91,Lower Risk,740-799,10-20,150K+
92,Lower Risk,670-739,20-30,60K-100K
93,High Risk,580-669,20-30,30K-60K
94,High Risk,740-799,<=10,30K-60K
95,High Risk,580-669,<=10,60K-100K
96,High Risk,740-799,<=10,100K-150K
97,High Risk,580-669,<=10,100K-150K
98,High Risk,670-739,20-30,100K-150K
99,High Risk,580-669,10-20,30K-60K
100,Higher Risk,670-739,20-30,150K+
101,Other,670-739,20-30,<30K
102,Other,740-799,20-30,150K+
103,Higher Risk,740-799,20-30,30K-60K
104,Other,670-739,20-30,100K-150K
105,Higher Risk,670-739,20-30,<30K
106,Lower Risk,800+,10-20,<30K
107,High Risk,670-739,20-30,30K-60K
108,High Risk,580-669,10-20,100K-150K
109,High Risk,670-739,<=10,<30K
110,Lower Risk,800+,10-20,30K-60K
111,Lower Risk,740-799,20-30,100K-150K
112,High Risk,740-799,10-20,30K-60K
113,Lower Risk,800+,<=10,<30K
114,High Risk,580-669,10-20,60K-100K
115,High Risk,740-799,20-30,<30K
116,High Risk,670-739,10-20,150K+
117,High Risk,800+,10-20,60K-100K
118,Lower Risk,740-799,20-30,60K-100K
119,Higher Risk,740-799,20-30,60K-100K
120,Other,740-799,10-20,<30K
121,Other,740-799,10-20,100K-150K
122,High Risk,740-799,10-20,<30K
123,High Risk,740-799,20-30,30K-60K
124,Lower Risk,670-739,20-30,150K+
125,High Risk,740-799,10-20,150K+
126,High Risk,800+,<=10,30K-60K
127,Other,740-799,20-30,60K-100K
128,Lower Risk,800+,10-20,60K-100K
129,High Risk,740-799,10-20,100K-150K
130,High Risk,580-669,10-20,150K+
131,High Risk,670-739,20-30,150K+
132,High Risk,740-799,20-30,60K-100K
133,High Risk,580-669,20-30,<30K
134,High Risk,580-669,<=10,150K+
135,Other,740-799,10-20,150K+
136,Lower Risk,800+,10-20,100K-150K
137,Other,740-799,20-30,30K-60K
138,High Risk,800+,<=10,<30K
139,High Risk,800+,<=10,150K+
140,Other,740-799,20-30,100K-150K
141,Other,800+,10-20,100K-150K
142,Other,800+,10-20,150K+
143,High Risk,800+,<=10,60K-100K
144,Other,800+,10-20,60K-100K
145,Lower Risk,800+,10-20,150K+
146,Lower Risk,800+,20-30,30K-60K
147,High Risk,580-669,20-30,60K-100K
148,Lower Risk,740-799,20-30,150K+
149,High Risk,580-669,20-30,100K-150K
150,High Risk,800+,20-30,30K-60K
151,High Risk,800+,20-30,60K-100K
152,High Risk,740-799,20-30,150K+
153,Higher Risk,740-799,20-30,100K-150K
154,Lower Risk,800+,20-30,150K+
155,High Risk,800+,20-30,<30K
156,High Risk,800+,10-20,30K-60K
157,Lower Risk,800+,20-30,60K-100K
158,Higher Risk,800+,20-30,30K-60K
159,Lower Risk,800+,20-30,<30K
160,High Risk,580-669,20-30,150K+
161,High Risk,800+,<=10,100K-150K
162,Higher Risk,800+,20-30,60K-100K
163,Higher Risk,800+,20-30,<30K
164,High Risk,670-739,30-40,30K-60K
165,Higher Risk,580-669,30-40,30K-60K
166,Higher Risk,670-739,30-40,60K-100K
167,Higher Risk,670-739,30-40,<30K
168,High Risk,670-739,30-40,60K-100K
169,Higher Risk,670-739,30-40,30K-60K
170,Higher Risk,740-799,30-40,30K-60K
171,High Risk,580-669,30-40,60K-100K
172,Higher Risk,580-669,30-40,60K-100K
173,Higher Risk,670-739,30-40,100K-150K
174,High Risk,580-669,30-40,<30K
175,Higher Risk,740-799,30-40,60K-100K
176,High Risk,670-739,30-40,100K-150K
177,Higher Risk,580-669,30-40,100K-150K
178,High Risk,580-669,30-40,30K-60K
179,High Risk,740-799,30-40,30K-60K
180,High Risk,670-739,30-40,<30K
181,Higher Risk,740-799,30-40,100K-150K
182,High Risk,740-799,30-40,<30K
183,Higher Risk,740-799,30-40,<30K
184,Higher Risk,670-739,30-40,150K+
185,Higher Risk,580-669,30-40,<30K
186,High Risk,740-799,30-40,60K-100K
187,Higher Risk,800+,20-30,100K-150K
188,Higher Risk,800+,30-40,60K-100K
189,Higher Risk,800+,30-40,<30K
190,High Risk,800+,10-20,<30K
191,Higher Risk,580-669,30-40,150K+
192,High Risk,800+,10-20,150K+
193,High Risk,800+,30-40,30K-60K
194,High Risk,580-669,30-40,100K-150K
195,Higher Risk,800+,30-40,30K-60K
196,Lower Risk,800+,20-30,100K-150K
197,High Risk,800+,30-40,60K-100K
198,Higher Risk,800+,20-30,150K+
199,Higher Risk,740-799,30-40,150K+
200,High Risk,670-739,30-40,150K+
201,Higher Risk,800+,30-40,100K-150K
202,High Risk,740-799,30-40,150K+
203,High Risk,580-669,30-40,150K+
204,High Risk,740-799,30-40,100K-150K
205,Current,670-739,20-30,60K-100K
206,High Risk,800+,10-20,100K-150K
207,Elevated Risk,670-739,20-30,60K-100K
208,Elevated Risk,670-739,10-20,60K-100K
209,Elevated Risk,580-669,20-30,30K-60K
210,Current,670-739,<=10,100K-150K
211,Current,670-739,10-20,150K+
212,Elevated Risk,670-739,<=10,150K+
213,Elevated Risk,670-739,10-20,100K-150K
214,Current,670-739,10-20,30K-60K
215,Elevated Risk,580-669,20-30,60K-100K
216,Elevated Risk,670-739,<=10,100K-150K
217,Elevated Risk,670-739,10-20,30K-60K
218,Current,670-739,10-20,60K-100K
219,Elevated Risk,800+,10-20,60K-100K
220,Elevated Risk,670-739,20-30,30K-60K
221,Current,670-739,10-20,100K-150K
222,Elevated Risk,580-669,<=10,100K-150K
223,Elevated Risk,580-669,10-20,30K-60K
224,Elevated Risk,670-739,30-40,60K-100K
225,Current,670-739,<=10,30K-60K
226,Current,670-739,<=10,60K-100K
227,Current,670-739,10-20,<30K
228,Current,740-799,10-20,30K-60K
229,Current,740-799,10-20,<30K
230,Current,740-799,<=10,60K-100K
231,Current,670-739,20-30,30K-60K
232,Current,740-799,10-20,60K-100K
233,Elevated Risk,670-739,10-20,150K+
234,Current,670-739,<=10,150K+
235,Current,670-739,20-30,100K-150K
236,Current,800+,10-20,60K-100K
237,Elevated Risk,580-669,30-40,30K-60K
238,Current,740-799,<=10,150K+
239,Elevated Risk,670-739,20-30,150K+
240,Elevated Risk,670-739,20-30,100K-150K
241,Current,740-799,20-30,30K-60K
242,Current,740-799,20-30,60K-100K
243,Current,670-739,20-30,<30K
244,Current,670-739,<=10,<30K
245,Elevated Risk,580-669,10-20,60K-100K
246,Current,740-799,10-20,100K-150K
247,Elevated Risk,580-669,<=10,150K+
248,Current,740-799,<=10,30K-60K
249,Elevated Risk,580-669,<=10,60K-100K
250,Current,670-739,20-30,150K+
251,Current,740-799,<=10,100K-150K
252,Current,800+,10-20,30K-60K
253,Elevated Risk,580-669,20-30,<30K
254,Elevated Risk,670-739,<=10,60K-100K
255,Current,740-799,10-20,150K+
256,Current,800+,<=10,100K-150K
257,Current,740-799,20-30,100K-150K
258,Elevated Risk,670-739,<=10,30K-60K
259,Current,800+,<=10,60K-100K
260,Current,740-799,20-30,<30K
261,Elevated Risk,670-739,30-40,30K-60K
262,Current,740-799,<=10,<30K
263,Current,800+,10-20,150K+
264,Current,800+,20-30,30K-60K
265,Elevated Risk,740-799,30-40,60K-100K
266,Current,800+,10-20,<30K
267,Elevated Risk,580-669,<=10,30K-60K
268,Elevated Risk,670-739,30-40,100K-150K
269,Current,800+,<=10,30K-60K
270,Current,740-799,20-30,150K+
271,Elevated Risk,740-799,10-20,60K-100K
272,Elevated Risk,740-799,30-40,30K-60K
273,Elevated Risk,580-669,20-30,100K-150K
274,Elevated Risk,740-799,20-30,30K-60K
275,Elevated Risk,670-739,<=10,<30K
276,Elevated Risk,740-799,<=10,30K-60K
277,Elevated Risk,740-799,20-30,60K-100K
278,Current,800+,10-20,100K-150K
279,Current,800+,20-30,100K-150K
280,Elevated Risk,670-739,20-30,<30K
281,Elevated Risk,580-669,10-20,100K-150K
282,Current,800+,20-30,60K-100K
283,Current,800+,<=10,150K+
284,Elevated Risk,580-669,30-40,100K-150K
285,Elevated Risk,670-739,30-40,<30K
286,Elevated Risk,740-799,20-30,<30K
287,Elevated Risk,580-669,30-40,60K-100K
288,Elevated Risk,670-739,30-40,150K+
289,Elevated Risk,740-799,<=10,60K-100K
290,Elevated Risk,580-669,20-30,150K+
291,Elevated Risk,740-799,10-20,150K+
292,Elevated Risk,580-669,10-20,150K+
293,Elevated Risk,670-739,10-20,<30K
294,Higher Risk,800+,30-40,150K+
295,Elevated Risk,580-669,10-20,<30K
296,Elevated Risk,740-799,10-20,30K-60K
297,Elevated Risk,740-799,<=10,150K+
298,Elevated Risk,740-799,10-20,100K-150K
299,High Risk,800+,30-40,<30K
300,High Risk,800+,20-30,100K-150K
301,Elevated Risk,740-799,20-30,150K+
302,Elevated Risk,580-669,<=10,<30K
303,Current,800+,<=10,<30K
304,Current,800+,20-30,<30K
305,Elevated Risk,740-799,20-30,100K-150K
306,High Risk,800+,20-30,150K+
307,Elevated Risk,800+,30-40,30K-60K
308,Elevated Risk,580-669,30-40,<30K
309,Elevated Risk,800+,20-30,30K-60K
310,Higher Risk,670-739,40+,<30K
311,Elevated Risk,740-799,<=10,100K-150K
312,High Risk,670-739,40+,<30K
313,Higher Risk,670-739,40+,30K-60K
314,Higher Risk,580-669,40+,<30K
315,Higher Risk,580-669,40+,60K-100K
316,Higher Risk,580-669,40+,30K-60K
317,High Risk,670-739,40+,30K-60K
318,High Risk,580-669,40+,30K-60K
319,Elevated Risk,580-669,30-40,150K+
320,Higher Risk,670-739,40+,60K-100K
321,High Risk,670-739,,<30K
322,Elevated Risk,800+,10-20,30K-60K
323,Lower Risk,670-739,,<30K
324,High Risk,670-739,40+,60K-100K
325,Higher Risk,740-799,40+,<30K
326,Elevated Risk,740-799,<=10,<30K
327,Higher Risk,670-739,40+,100K-150K
328,Higher Risk,740-799,40+,30K-60K
329,High Risk,670-739,40+,100K-150K
330,Elevated Risk,670-739,40+,30K-60K
331,High Risk,580-669,40+,<30K
332,Higher Risk,740-799,40+,60K-100K
333,Higher Risk,580-669,,<30K
334,High Risk,580-669,40+,60K-100K
335,Higher Risk,670-739,40+,150K+
336,Elevated Risk,580-669,40+,<30K
337,Elevated Risk,800+,<=10,60K-100K
338,High Risk,580-669,40+,100K-150K
339,Elevated Risk,670-739,40+,<30K
340,Elevated Risk,580-669,40+,30K-60K
341,Higher Risk,740-799,40+,100K-150K
342,Higher Risk,580-669,40+,100K-150K
343,High Risk,740-799,40+,30K-60K
344,Higher Risk,800+,40+,<30K
345,High Risk,670-739,40+,150K+
346,Elevated Risk,580-669,40+,60K-100K
347,Elevated Risk,740-799,30-40,100K-150K
348,Elevated Risk,670-739,40+,60K-100K
349,High Risk,740-799,40+,<30K
350,Elevated Risk,740-799,30-40,<30K
351,High Risk,580-669,,<30K
352,Elevated Risk,800+,<=10,30K-60K
353,Elevated Risk,740-799,40+,60K-100K
354,Current,800+,20-30,150K+
355,Current,670-739,,<30K
356,High Risk,740-799,40+,100K-150K
357,Higher Risk,580-669,40+,150K+
358,High Risk,740-799,40+,60K-100K
359,Elevated Risk,800+,<=10,<30K
360,Higher Risk,800+,40+,30K-60K
361,Elevated Risk,800+,<=10,100K-150K
362,Elevated Risk,800+,20-30,100K-150K
363,Higher Risk,800+,40+,60K-100K
364,Elevated Risk,800+,20-30,60K-100K
365,Elevated Risk,800+,30-40,60K-100K
366,Elevated Risk,740-799,10-20,<30K
367,Elevated Risk,800+,20-30,150K+
368,Elevated Risk,800+,30-40,<30K
369,High Risk,800+,30-40,100K-150K
370,Elevated Risk,670-739,40+,100K-150K
371,Elevated Risk,800+,<=10,150K+
372,Elevated Risk,800+,10-20,150K+
373,Current,740-799,,<30K
374,Lower Risk,740-799,,<30K
375,Elevated Risk,670-739,,<30K
376,High Risk,800+,40+,30K-60K
377,Elevated Risk,740-799,40+,30K-60K
378,Elevated Risk,800+,10-20,100K-150K
379,Elevated Risk,740-799,40+,<30K
380,Elevated Risk,580-669,,<30K
381,Current,800+,,<30K
382,Lower Risk,800+,,<30K
383,Elevated Risk,800+,30-40,100K-150K
384,Elevated Risk,740-799,,<30K
385,High Risk,740-799,,<30K
386,High Risk,800+,40+,<30K
387,Elevated Risk,800+,40+,<30K
388,Elevated Risk,740-799,30-40,150K+
389,Elevated Risk,800+,10-20,<30K
390,Elevated Risk,800+,20-30,<30K
391,High Risk,800+,40+,60K-100K
392,Higher Risk,800+,40+,100K-150K
393,Higher Risk,740-799,40+,150K+
394,High Risk,800+,,<30K
395,Other,,,
