issue_year,issue_month,loan_count,exposure,adverse_loans,adverse_rate_pct,year_month
2007.0,6.0,24,91850.0,0,0.0,2007-06
2007.0,7.0,63,332100.0,0,0.0,2007-07
2007.0,8.0,74,488600.0,7,9.45945945945946,2007-08
2007.0,9.0,53,372950.0,3,5.660377358490566,2007-09
2007.0,10.0,105,682875.0,10,9.523809523809524,2007-10
2007.0,11.0,112,995950.0,7,6.25,2007-11
2007.0,12.0,172,1827225.0,18,10.465116279069768,2007-12
2008.0,1.0,305,2902250.0,31,10.163934426229508,2008-01
2008.0,2.0,306,2951225.0,25,8.169934640522875,2008-02
2008.0,3.0,402,4150050.0,40,9.950248756218905,2008-03
2008.0,4.0,259,1811025.0,27,10.424710424710424,2008-04
2008.0,5.0,115,582000.0,10,8.695652173913043,2008-05
2008.0,6.0,124,654975.0,7,5.645161290322581,2008-06
2008.0,7.0,141,809250.0,17,12.056737588652481,2008-07
2008.0,8.0,100,468450.0,6,6.0,2008-08
2008.0,9.0,57,270950.0,5,8.771929824561404,2008-09
2008.0,10.0,122,945400.0,15,12.295081967213115,2008-10
2008.0,11.0,209,2008675.0,31,14.832535885167465,2008-11
2008.0,12.0,253,2420775.0,33,13.043478260869565,2008-12
2009.0,1.0,269,2469700.0,28,10.408921933085502,2009-01
2009.0,2.0,302,2708950.0,34,11.258278145695364,2009-02
2009.0,3.0,324,3061300.0,31,9.567901234567902,2009-03
2009.0,4.0,333,3071350.0,40,12.012012012012011,2009-04
2009.0,5.0,359,3351250.0,42,11.699164345403899,2009-05
2009.0,6.0,406,3591925.0,43,10.591133004926109,2009-06
2009.0,7.0,411,3876125.0,47,11.435523114355231,2009-07
2009.0,8.0,446,4316075.0,40,8.968609865470851,2009-08
2009.0,9.0,507,5103275.0,57,11.242603550295858,2009-09
2009.0,10.0,604,6289450.0,87,14.403973509933774,2009-10
2009.0,11.0,662,6848875.0,83,12.537764350453172,2009-11
2009.0,12.0,658,7126475.0,62,9.422492401215806,2009-12
2010.0,1.0,662,7385950.0,76,11.48036253776435,2010-01
2010.0,2.0,682,7456975.0,63,9.237536656891496,2010-02
2010.0,3.0,828,8664750.0,69,8.333333333333334,2010-03
2010.0,4.0,912,9510575.0,82,8.991228070175438,2010-04
2010.0,5.0,989,10044250.0,125,12.639029322548028,2010-05
2010.0,6.0,1105,10038975.0,166,15.02262443438914,2010-06
2010.0,7.0,1204,11517600.0,137,11.378737541528238,2010-07
2010.0,8.0,1175,12021775.0,148,12.595744680851064,2010-08
2010.0,9.0,1189,12039675.0,175,14.71825063078217,2010-09
2010.0,10.0,1232,12645175.0,161,13.068181818181818,2010-10
2010.0,11.0,1224,11640050.0,142,11.601307189542483,2010-11
2010.0,12.0,1335,13385425.0,143,10.711610486891386,2010-12
2011.0,1.0,1380,14817775.0,186,13.478260869565217,2011-01
2011.0,2.0,1298,14601275.0,169,13.020030816640986,2011-02
2011.0,3.0,1448,16529850.0,210,14.502762430939226,2011-03
2011.0,4.0,1563,17520000.0,222,14.203454894433781,2011-04
2011.0,5.0,1704,18531675.0,290,17.018779342723004,2011-05
2011.0,6.0,1835,20012025.0,271,14.768392370572206,2011-06
2011.0,7.0,1875,20565600.0,282,15.04,2011-07
2011.0,8.0,1934,23017875.0,271,14.012409513960703,2011-08
2011.0,9.0,2067,24945400.0,308,14.90082244799226,2011-09
2011.0,10.0,2118,27482550.0,313,14.7780925401322,2011-10
2011.0,11.0,2232,28332600.0,344,15.412186379928315,2011-11
2011.0,12.0,2267,31007025.0,431,19.011910013233347,2011-12
2012.0,1.0,2602,34000575.0,440,16.910069177555727,2012-01
2012.0,2.0,2560,36058175.0,421,16.4453125,2012-02
2012.0,3.0,2914,39536300.0,443,15.202470830473576,2012-03
2012.0,4.0,3230,42051125.0,496,15.356037151702786,2012-04
2012.0,5.0,3400,45090825.0,569,16.735294117647058,2012-05
2012.0,6.0,3817,50211950.0,714,18.705789887346082,2012-06
2012.0,7.0,4627,60067825.0,819,17.700453857791224,2012-07
2012.0,8.0,5419,70078650.0,884,16.312972873223842,2012-08
2012.0,9.0,6087,77027750.0,951,15.623459832429768,2012-09
2012.0,10.0,6263,82032650.0,962,15.360051093725051,2012-10
2012.0,11.0,6382,87696350.0,1029,16.123472265747413,2012-11
2012.0,12.0,6066,94090450.0,916,15.100560501153973,2012-12
2013.0,1.0,6872,105074375.0,1050,15.279394644935971,2013-01
2013.0,2.0,7561,120171375.0,1160,15.341885993916149,2013-02
2013.0,3.0,8273,127639650.0,1200,14.505016318143358,2013-03
2013.0,4.0,9419,140125775.0,1504,15.96772481155112,2013-04
2013.0,5.0,10350,148036475.0,1720,16.618357487922705,2013-05
2013.0,6.0,10899,158063125.0,1761,16.157445637214423,2013-06
2013.0,7.0,11910,170776825.0,1854,15.566750629722922,2013-07
2013.0,8.0,12674,180032675.0,1941,15.314817737099574,2013-08
2013.0,9.0,12987,187909500.0,2052,15.8004158004158,2013-09
2013.0,10.0,14129,204771925.0,2217,15.691131714912592,2013-10
2013.0,11.0,14720,215992725.0,2266,15.394021739130435,2013-11
2013.0,12.0,15020,224165125.0,2303,15.33288948069241,2013-12
2014.0,1.0,15628,232715325.0,2486,15.907345789608396,2014-01
2014.0,2.0,15269,230086925.0,2545,16.667758202894753,2014-02
2014.0,3.0,16513,245762800.0,2785,16.865499909162477,2014-03
2014.0,4.0,19071,281179575.0,3367,17.65507839127471,2014-04
2014.0,5.0,19099,280661600.0,3359,17.5873082360333,2014-05
2014.0,6.0,17179,255898875.0,3173,18.470225275045113,2014-06
2014.0,7.0,29306,433044725.0,5252,17.92124479628745,2014-07
2014.0,8.0,18814,281426975.0,3397,18.055703199744872,2014-08
2014.0,9.0,10606,159444175.0,1908,17.989817084669056,2014-09
2014.0,10.0,38783,571760975.0,7224,18.626717891859837,2014-10
2014.0,11.0,25054,373466650.0,4508,17.993134828769858,2014-11
2014.0,12.0,10307,158391575.0,1765,17.124284466867177,2014-12
2015.0,1.0,35107,533132575.0,6570,18.714216538012362,2015-01
2015.0,2.0,23770,366908525.0,4291,18.052166596550272,2015-02
2015.0,3.0,25400,390003275.0,4894,19.26771653543307,2015-03
2015.0,4.0,35427,539401075.0,6664,18.81051175656985,2015-04
2015.0,5.0,31913,483189475.0,6019,18.86065239870899,2015-05
2015.0,6.0,28485,429777175.0,5457,19.15745129015271,2015-06
2015.0,7.0,45962,696238600.0,8523,18.543579478699794,2015-07
2015.0,8.0,35886,555331400.0,6537,18.21601738839659,2015-08
2015.0,9.0,28641,450246800.0,5359,18.710938863866485,2015-09
2015.0,10.0,48631,738221400.0,8464,17.40453620118854,2015-10
2015.0,11.0,37530,567247325.0,6770,18.038902211564082,2015-11
2015.0,12.0,44343,667910550.0,8506,19.182283562230793,2015-12
2016.0,1.0,32366,518403400.0,5765,17.811901377989248,2016-01
2016.0,2.0,39529,619446250.0,7165,18.125932859419667,2016-02
2016.0,3.0,61992,949367550.0,11478,18.5152922957801,2016-03
2016.0,4.0,36432,537278275.0,6715,18.43159859464207,2016-04
2016.0,5.0,28403,417538850.0,5182,18.24455163186987,2016-05
2016.0,6.0,33019,488595850.0,5572,16.875132499470002,2016-06
2016.0,7.0,34696,488020900.0,6394,18.428637306894167,2016-07
2016.0,8.0,36280,517053650.0,6533,18.007166482910694,2016-08
2016.0,9.0,28144,399512400.0,4719,16.767339397384877,2016-09
2016.0,10.0,32772,464760675.0,4912,14.98840473575003,2016-10
2016.0,11.0,34591,492691125.0,5370,15.524269318608887,2016-11
2016.0,12.0,36183,507872775.0,5688,15.720089544813863,2016-12
2017.0,1.0,31835,470400950.0,4481,14.0757028427831,2017-01
2017.0,2.0,27763,417331475.0,3825,13.777329539314916,2017-02
2017.0,3.0,37181,550237050.0,4778,12.850649525295177,2017-03
2017.0,4.0,29683,437930725.0,3902,13.1455715392649,2017-04
2017.0,5.0,37681,549518775.0,4848,12.865900586502482,2017-05
2017.0,6.0,38087,550982575.0,4599,12.07498621576916,2017-06
2017.0,7.0,39415,569393925.0,4738,12.020804262336673,2017-07
2017.0,8.0,43573,620409250.0,4847,11.123861106648613,2017-08
2017.0,9.0,39713,601398225.0,4629,11.656132752499182,2017-09
2017.0,10.0,38151,577822025.0,3851,10.094099761474142,2017-10
2017.0,11.0,42343,645542600.0,3764,8.889308740523818,2017-11
2017.0,12.0,38154,593989500.0,3314,8.685852073177124,2017-12
2018.0,1.0,36347,584275125.0,2715,7.469667372823067,2018-01
2018.0,2.0,32746,533093100.0,2328,7.109265253771453,2018-02
2018.0,3.0,38771,624413475.0,2553,6.5848185499471255,2018-03
2018.0,4.0,42928,685339900.0,2733,6.366474096161014,2018-04
2018.0,5.0,46311,733698150.0,2633,5.685474293364427,2018-05
2018.0,6.0,41533,661391150.0,1938,4.666169070377772,2018-06
2018.0,7.0,43089,688012100.0,1642,3.8107173524565434,2018-07
2018.0,8.0,46079,739736100.0,1277,2.771327502766987,2018-08
2018.0,9.0,39026,635394775.0,970,2.485522472198022,2018-09
2018.0,10.0,46305,746131475.0,883,1.9069214987582335,2018-10
2018.0,11.0,41973,666934725.0,586,1.396135610988016,2018-11
2018.0,12.0,40134,637843075.0,359,0.8945034135645588,2018-12
