fico_band,dti_band,income_band,loan_count,exposure,total_loan_amount,adverse_loans,avg_loan_amount,adverse_outcome_rate_pct
580-669,30-40,<30K,4693,35049525.0,35049525.0,1234,7468.47,26.29
580-669,30-40,30K-60K,16991,200410550.0,200410550.0,4444,11795.1,26.16
580-669,30-40,60K-100K,8594,146477025.0,146477025.0,2205,17044.1,25.66
580-669,30-40,100K-150K,1625,34354525.0,34354525.0,382,21141.25,23.51
580-669,20-30,<30K,10065,68574150.0,68574150.0,2297,6813.13,22.82
580-669,20-30,30K-60K,51221,567278525.0,567328600.0,11492,11076.09,22.44
580-669,20-30,60K-100K,35204,565307100.0,565373200.0,7689,16059.91,21.84
580-669,20-30,100K-150K,8745,179270150.0,179297400.0,1790,20502.85,20.47
580-669,10-20,<30K,10055,66341575.0,66365725.0,1945,6600.27,19.34
580-669,40+,30K-60K,1331,22690850.0,22690850.0,255,17047.97,19.16
670-739,30-40,30K-60K,78929,1026251375.0,1026251375.0,14953,13002.21,18.94
670-739,30-40,<30K,17905,144858700.0,144860825.0,3356,8090.52,18.74
580-669,10-20,30K-60K,59961,611038425.0,611106700.0,10974,10191.74,18.3
580-669,20-30,150K+,1851,43864600.0,43875575.0,326,23703.71,17.61
580-669,40+,60K-100K,327,6385125.0,6385125.0,57,19526.38,17.43
670-739,20-30,<30K,36939,270291025.0,270303250.0,6409,7317.56,17.35
580-669,30-40,150K+,272,6341375.0,6341375.0,47,23313.88,17.28
670-739,30-40,60K-100K,52307,971203825.0,971216675.0,9000,18567.62,17.21
580-669,10-20,60K-100K,58072,832328950.0,832417000.0,9901,14334.22,17.05
580-669,40+,<30K,1486,21581650.0,21581650.0,245,14523.32,16.49
